ts,close,quote,base,equity,open_orders,stop,action,plan_index,plan_time_utc,start_counterfactual_required_count,start_counterfactual_single,start_counterfactual_combo,start_counterfactual_required
2026-02-05T00:00:00+00:00,2137.48,1000.0,0.0,1000.0,0,False,HOLD,0,2026-02-05 00:00:00+00:00,4,,gate_fail:adx_ok+gate_fail:ema_dist_ok+gate_fail:bbwp_gate_ok+gate_fail:fvg_gate_ok,gate_fail:adx_ok|gate_fail:ema_dist_ok|gate_fail:bbwp_gate_ok|gate_fail:fvg_gate_ok
2026-02-05T00:15:00+00:00,2161.99,1000.0,0.0,1000.0,0,False,HOLD,1,2026-02-05 00:15:00+00:00,3,,gate_fail:adx_ok+gate_fail:ema_dist_ok+gate_fail:bbwp_gate_ok,gate_fail:adx_ok|gate_fail:ema_dist_ok|gate_fail:bbwp_gate_ok
2026-02-05T00:30:00+00:00,2156.11,1000.0,0.0,1000.0,0,False,HOLD,2,2026-02-05 00:30:00+00:00,3,,gate_fail:adx_ok+gate_fail:ema_dist_ok+gate_fail:bbwp_gate_ok,gate_fail:adx_ok|gate_fail:ema_dist_ok|gate_fail:bbwp_gate_ok
2026-02-05T00:45:00+00:00,2149.78,1000.0,0.0,1000.0,0,False,HOLD,3,2026-02-05 00:45:00+00:00,3,,gate_fail:adx_ok+gate_fail:ema_dist_ok+gate_fail:bbwp_gate_ok,gate_fail:adx_ok|gate_fail:ema_dist_ok|gate_fail:bbwp_gate_ok
2026-02-05T01:00:00+00:00,2165.91,1000.0,0.0,1000.0,0,False,HOLD,4,2026-02-05 01:00:00+00:00,3,,gate_fail:adx_ok+gate_fail:ema_dist_ok+gate_fail:bbwp_gate_ok,gate_fail:adx_ok|gate_fail:ema_dist_ok|gate_fail:bbwp_gate_ok
2026-02-05T01:15:00+00:00,2163.53,1000.0,0.0,1000.0,0,False,HOLD,5,2026-02-05 01:15:00+00:00,4,,gate_fail:adx_ok+gate_fail:ema_dist_ok+gate_fail:bbwp_gate_ok+gate_fail:os_dev_build_ok,gate_fail:adx_ok|gate_fail:ema_dist_ok|gate_fail:bbwp_gate_ok|gate_fail:os_dev_build_ok
2026-02-05T01:30:00+00:00,2156.62,1000.0,0.0,1000.0,0,False,HOLD,6,2026-02-05 01:30:00+00:00,4,,gate_fail:adx_ok+gate_fail:ema_dist_ok+gate_fail:bbwp_gate_ok+gate_fail:fvg_gate_ok,gate_fail:adx_ok|gate_fail:ema_dist_ok|gate_fail:bbwp_gate_ok|gate_fail:fvg_gate_ok
2026-02-05T01:45:00+00:00,2148.55,1000.0,0.0,1000.0,0,False,HOLD,7,2026-02-05 01:45:00+00:00,4,,gate_fail:adx_ok+gate_fail:ema_dist_ok+gate_fail:bbwp_gate_ok+gate_fail:fvg_gate_ok,gate_fail:adx_ok|gate_fail:ema_dist_ok|gate_fail:bbwp_gate_ok|gate_fail:fvg_gate_ok
2026-02-05T02:00:00+00:00,2126.62,1000.0,0.0,1000.0,0,False,HOLD,8,2026-02-05 02:00:00+00:00,4,,gate_fail:adx_ok+gate_fail:ema_dist_ok+gate_fail:bbwp_gate_ok+gate_fail:fvg_gate_ok,gate_fail:adx_ok|gate_fail:ema_dist_ok|gate_fail:bbwp_gate_ok|gate_fail:fvg_gate_ok
2026-02-05T02:15:00+00:00,2137.73,1000.0,0.0,1000.0,0,False,HOLD,9,2026-02-05 02:15:00+00:00,4,,gate_fail:adx_ok+gate_fail:ema_dist_ok+gate_fail:bbwp_gate_ok+gate_fail:fvg_gate_ok,gate_fail:adx_ok|gate_fail:ema_dist_ok|gate_fail:bbwp_gate_ok|gate_fail:fvg_gate_ok
2026-02-05T02:30:00+00:00,2158.32,1000.0,0.0,1000.0,0,False,HOLD,10,2026-02-05 02:30:00+00:00,3,,gate_fail:adx_ok+gate_fail:ema_dist_ok+gate_fail:bbwp_gate_ok,gate_fail:adx_ok|gate_fail:ema_dist_ok|gate_fail:bbwp_gate_ok
2026-02-05T02:45:00+00:00,2124.31,1000.0,0.0,1000.0,0,False,HOLD,11,2026-02-05 02:45:00+00:00,3,,gate_fail:adx_ok+gate_fail:ema_dist_ok+gate_fail:bbwp_gate_ok,gate_fail:adx_ok|gate_fail:ema_dist_ok|gate_fail:bbwp_gate_ok
2026-02-05T03:00:00+00:00,2117.85,1000.0,0.0,1000.0,0,False,HOLD,12,2026-02-05 03:00:00+00:00,5,,gate_fail:adx_ok+gate_fail:ema_dist_ok+gate_fail:bbwp_gate_ok+gate_fail:os_dev_build_ok+gate_fail:mrvd_gate_ok,gate_fail:adx_ok|gate_fail:ema_dist_ok|gate_fail:bbwp_gate_ok|gate_fail:os_dev_build_ok|gate_fail:mrvd_gate_ok
2026-02-05T03:15:00+00:00,2112.92,1000.0,0.0,1000.0,0,False,HOLD,13,2026-02-05 03:15:00+00:00,5,,gate_fail:adx_ok+gate_fail:ema_dist_ok+gate_fail:bbwp_gate_ok+gate_fail:os_dev_build_ok+gate_fail:cvd_gate_ok,gate_fail:adx_ok|gate_fail:ema_dist_ok|gate_fail:bbwp_gate_ok|gate_fail:os_dev_build_ok|gate_fail:cvd_gate_ok
2026-02-05T03:30:00+00:00,2114.93,1000.0,0.0,1000.0,0,False,HOLD,14,2026-02-05 03:30:00+00:00,4,,gate_fail:adx_ok+gate_fail:ema_dist_ok+gate_fail:bbwp_gate_ok+gate_fail:cvd_gate_ok,gate_fail:adx_ok|gate_fail:ema_dist_ok|gate_fail:bbwp_gate_ok|gate_fail:cvd_gate_ok
2026-02-05T03:45:00+00:00,2110.0,1000.0,0.0,1000.0,0,False,HOLD,15,2026-02-05 03:45:00+00:00,4,,gate_fail:adx_ok+gate_fail:ema_dist_ok+gate_fail:bbwp_gate_ok+gate_fail:cvd_gate_ok,gate_fail:adx_ok|gate_fail:ema_dist_ok|gate_fail:bbwp_gate_ok|gate_fail:cvd_gate_ok
2026-02-05T04:00:00+00:00,2092.3,1000.0,0.0,1000.0,0,False,HOLD,16,2026-02-05 04:00:00+00:00,6,,gate_fail:adx_ok+gate_fail:ema_dist_ok+gate_fail:bbwp_gate_ok+gate_fail:os_dev_build_ok+gate_fail:cvd_gate_ok+rsi_out_of_range,gate_fail:adx_ok|gate_fail:ema_dist_ok|gate_fail:bbwp_gate_ok|gate_fail:os_dev_build_ok|gate_fail:cvd_gate_ok|rsi_out_of_range
2026-02-05T04:15:00+00:00,2097.72,1000.0,0.0,1000.0,0,False,HOLD,17,2026-02-05 04:15:00+00:00,5,,gate_fail:adx_ok+gate_fail:ema_dist_ok+gate_fail:bbwp_gate_ok+gate_fail:os_dev_build_ok+rsi_out_of_range,gate_fail:adx_ok|gate_fail:ema_dist_ok|gate_fail:bbwp_gate_ok|gate_fail:os_dev_build_ok|rsi_out_of_range
2026-02-05T04:30:00+00:00,2122.7,1000.0,0.0,1000.0,0,False,HOLD,18,2026-02-05 04:30:00+00:00,3,,gate_fail:adx_ok+gate_fail:ema_dist_ok+gate_fail:bbwp_gate_ok,gate_fail:adx_ok|gate_fail:ema_dist_ok|gate_fail:bbwp_gate_ok
2026-02-05T04:45:00+00:00,2104.03,1000.0,0.0,1000.0,0,False,HOLD,19,2026-02-05 04:45:00+00:00,3,,gate_fail:adx_ok+gate_fail:ema_dist_ok+gate_fail:bbwp_gate_ok,gate_fail:adx_ok|gate_fail:ema_dist_ok|gate_fail:bbwp_gate_ok
2026-02-05T05:00:00+00:00,2108.79,1000.0,0.0,1000.0,0,False,HOLD,20,2026-02-05 05:00:00+00:00,3,,gate_fail:adx_ok+gate_fail:ema_dist_ok+gate_fail:bbwp_gate_ok,gate_fail:adx_ok|gate_fail:ema_dist_ok|gate_fail:bbwp_gate_ok
2026-02-05T05:15:00+00:00,2094.84,1000.0,0.0,1000.0,0,False,HOLD,21,2026-02-05 05:15:00+00:00,3,,gate_fail:adx_ok+gate_fail:ema_dist_ok+gate_fail:bbwp_gate_ok,gate_fail:adx_ok|gate_fail:ema_dist_ok|gate_fail:bbwp_gate_ok
2026-02-05T05:30:00+00:00,2119.27,1000.0,0.0,1000.0,0,False,HOLD,22,2026-02-05 05:30:00+00:00,3,,gate_fail:adx_ok+gate_fail:ema_dist_ok+gate_fail:bbwp_gate_ok,gate_fail:adx_ok|gate_fail:ema_dist_ok|gate_fail:bbwp_gate_ok
2026-02-05T05:45:00+00:00,2101.42,1000.0,0.0,1000.0,0,False,HOLD,23,2026-02-05 05:45:00+00:00,3,,gate_fail:adx_ok+gate_fail:ema_dist_ok+gate_fail:bbwp_gate_ok,gate_fail:adx_ok|gate_fail:ema_dist_ok|gate_fail:bbwp_gate_ok
2026-02-05T06:00:00+00:00,2093.24,1000.0,0.0,1000.0,0,False,HOLD,24,2026-02-05 06:00:00+00:00,4,,gate_fail:adx_ok+gate_fail:ema_dist_ok+gate_fail:bbwp_gate_ok+gate_fail:os_dev_build_ok,gate_fail:adx_ok|gate_fail:ema_dist_ok|gate_fail:bbwp_gate_ok|gate_fail:os_dev_build_ok
2026-02-05T06:15:00+00:00,2080.21,1000.0,0.0,1000.0,0,False,HOLD,25,2026-02-05 06:15:00+00:00,5,,gate_fail:adx_ok+gate_fail:ema_dist_ok+gate_fail:bbwp_gate_ok+gate_fail:cvd_gate_ok+rsi_out_of_range,gate_fail:adx_ok|gate_fail:ema_dist_ok|gate_fail:bbwp_gate_ok|gate_fail:cvd_gate_ok|rsi_out_of_range
2026-02-05T06:30:00+00:00,2089.35,1000.0,0.0,1000.0,0,False,HOLD,26,2026-02-05 06:30:00+00:00,4,,gate_fail:adx_ok+gate_fail:ema_dist_ok+gate_fail:bbwp_gate_ok+gate_fail:cvd_gate_ok,gate_fail:adx_ok|gate_fail:ema_dist_ok|gate_fail:bbwp_gate_ok|gate_fail:cvd_gate_ok
2026-02-05T06:45:00+00:00,2087.57,1000.0,0.0,1000.0,0,False,HOLD,27,2026-02-05 06:45:00+00:00,4,,gate_fail:adx_ok+gate_fail:ema_dist_ok+gate_fail:bbwp_gate_ok+gate_fail:cvd_gate_ok,gate_fail:adx_ok|gate_fail:ema_dist_ok|gate_fail:bbwp_gate_ok|gate_fail:cvd_gate_ok
2026-02-05T07:00:00+00:00,2105.9,1000.0,0.0,1000.0,0,False,HOLD,28,2026-02-05 07:00:00+00:00,4,,gate_fail:adx_ok+gate_fail:ema_dist_ok+gate_fail:bbwp_gate_ok+gate_fail:cvd_gate_ok,gate_fail:adx_ok|gate_fail:ema_dist_ok|gate_fail:bbwp_gate_ok|gate_fail:cvd_gate_ok
2026-02-05T07:15:00+00:00,2116.26,1000.0,0.0,1000.0,0,False,HOLD,29,2026-02-05 07:15:00+00:00,4,,gate_fail:adx_ok+gate_fail:ema_dist_ok+gate_fail:bbwp_gate_ok+gate_fail:fvg_gate_ok,gate_fail:adx_ok|gate_fail:ema_dist_ok|gate_fail:bbwp_gate_ok|gate_fail:fvg_gate_ok
2026-02-05T07:30:00+00:00,2103.29,1000.0,0.0,1000.0,0,False,HOLD,30,2026-02-05 07:30:00+00:00,2,,gate_fail:adx_ok+gate_fail:ema_dist_ok,gate_fail:adx_ok|gate_fail:ema_dist_ok
2026-02-05T07:45:00+00:00,2091.4,1000.0,0.0,1000.0,0,False,HOLD,31,2026-02-05 07:45:00+00:00,2,,gate_fail:adx_ok+gate_fail:ema_dist_ok,gate_fail:adx_ok|gate_fail:ema_dist_ok
2026-02-05T08:00:00+00:00,2103.4,1000.0,0.0,1000.0,0,False,HOLD,32,2026-02-05 08:00:00+00:00,2,,gate_fail:adx_ok+gate_fail:ema_dist_ok,gate_fail:adx_ok|gate_fail:ema_dist_ok
2026-02-05T08:15:00+00:00,2112.77,1000.0,0.0,1000.0,0,False,HOLD,33,2026-02-05 08:15:00+00:00,2,,gate_fail:adx_ok+gate_fail:ema_dist_ok,gate_fail:adx_ok|gate_fail:ema_dist_ok
2026-02-05T08:30:00+00:00,2115.05,1000.0,0.0,1000.0,0,False,HOLD,34,2026-02-05 08:30:00+00:00,3,,gate_fail:adx_ok+gate_fail:ema_dist_ok+gate_fail:fvg_gate_ok,gate_fail:adx_ok|gate_fail:ema_dist_ok|gate_fail:fvg_gate_ok
2026-02-05T08:45:00+00:00,2111.76,1000.0,0.0,1000.0,0,False,HOLD,35,2026-02-05 08:45:00+00:00,2,,gate_fail:adx_ok+gate_fail:ema_dist_ok,gate_fail:adx_ok|gate_fail:ema_dist_ok
2026-02-05T09:00:00+00:00,2139.39,1000.0,0.0,1000.0,0,False,HOLD,36,2026-02-05 09:00:00+00:00,2,,gate_fail:adx_ok+gate_fail:ema_dist_ok,gate_fail:adx_ok|gate_fail:ema_dist_ok
2026-02-05T09:15:00+00:00,2137.96,1000.0,0.0,1000.0,0,False,HOLD,37,2026-02-05 09:15:00+00:00,3,,gate_fail:adx_ok+gate_fail:ema_dist_ok+gate_fail:fvg_gate_ok,gate_fail:adx_ok|gate_fail:ema_dist_ok|gate_fail:fvg_gate_ok
2026-02-05T09:30:00+00:00,2130.2,1000.0,0.0,1000.0,0,False,HOLD,38,2026-02-05 09:30:00+00:00,3,,gate_fail:adx_ok+gate_fail:ema_dist_ok+gate_fail:bbwp_gate_ok,gate_fail:adx_ok|gate_fail:ema_dist_ok|gate_fail:bbwp_gate_ok
2026-02-05T09:45:00+00:00,2133.45,1000.0,0.0,1000.0,0,False,HOLD,39,2026-02-05 09:45:00+00:00,3,,gate_fail:adx_ok+gate_fail:ema_dist_ok+gate_fail:bbwp_gate_ok,gate_fail:adx_ok|gate_fail:ema_dist_ok|gate_fail:bbwp_gate_ok
2026-02-05T10:00:00+00:00,2131.49,1000.0,0.0,1000.0,0,False,HOLD,40,2026-02-05 10:00:00+00:00,3,,gate_fail:adx_ok+gate_fail:ema_dist_ok+gate_fail:bbwp_gate_ok,gate_fail:adx_ok|gate_fail:ema_dist_ok|gate_fail:bbwp_gate_ok
2026-02-05T10:15:00+00:00,2139.01,1000.0,0.0,1000.0,0,False,HOLD,41,2026-02-05 10:15:00+00:00,3,,gate_fail:adx_ok+gate_fail:ema_dist_ok+gate_fail:bbwp_gate_ok,gate_fail:adx_ok|gate_fail:ema_dist_ok|gate_fail:bbwp_gate_ok
2026-02-05T10:30:00+00:00,2123.36,1000.0,0.0,1000.0,0,False,HOLD,42,2026-02-05 10:30:00+00:00,3,,gate_fail:adx_ok+gate_fail:ema_dist_ok+gate_fail:bbwp_gate_ok,gate_fail:adx_ok|gate_fail:ema_dist_ok|gate_fail:bbwp_gate_ok
2026-02-05T10:45:00+00:00,2097.72,1000.0,0.0,1000.0,0,False,HOLD,43,2026-02-05 10:45:00+00:00,5,,gate_fail:adx_ok+gate_fail:ema_dist_ok+gate_fail:bbwp_gate_ok+gate_fail:os_dev_build_ok+gate_fail:fvg_gate_ok,gate_fail:adx_ok|gate_fail:ema_dist_ok|gate_fail:bbwp_gate_ok|gate_fail:os_dev_build_ok|gate_fail:fvg_gate_ok
2026-02-05T11:00:00+00:00,2087.73,1000.0,0.0,1000.0,0,False,HOLD,44,2026-02-05 11:00:00+00:00,5,,gate_fail:adx_ok+gate_fail:ema_dist_ok+gate_fail:bbwp_gate_ok+gate_fail:fvg_gate_ok+gate_fail:cvd_gate_ok,gate_fail:adx_ok|gate_fail:ema_dist_ok|gate_fail:bbwp_gate_ok|gate_fail:fvg_gate_ok|gate_fail:cvd_gate_ok
2026-02-05T11:15:00+00:00,2069.0,1000.0,0.0,1000.0,0,False,HOLD,45,2026-02-05 11:15:00+00:00,7,,gate_fail:adx_ok+gate_fail:ema_dist_ok+gate_fail:bbwp_gate_ok+gate_fail:os_dev_build_ok+gate_fail:fvg_gate_ok+gate_fail:cvd_gate_ok+rsi_out_of_range,gate_fail:adx_ok|gate_fail:ema_dist_ok|gate_fail:bbwp_gate_ok|gate_fail:os_dev_build_ok|gate_fail:fvg_gate_ok|gate_fail:cvd_gate_ok|rsi_out_of_range
2026-02-05T11:30:00+00:00,2089.01,1000.0,0.0,1000.0,0,False,HOLD,46,2026-02-05 11:30:00+00:00,5,,gate_fail:adx_ok+gate_fail:ema_dist_ok+gate_fail:bbwp_gate_ok+gate_fail:fvg_gate_ok+gate_fail:cvd_gate_ok,gate_fail:adx_ok|gate_fail:ema_dist_ok|gate_fail:bbwp_gate_ok|gate_fail:fvg_gate_ok|gate_fail:cvd_gate_ok
2026-02-05T11:45:00+00:00,2079.98,1000.0,0.0,1000.0,0,False,HOLD,47,2026-02-05 11:45:00+00:00,5,,gate_fail:adx_ok+gate_fail:ema_dist_ok+gate_fail:bbwp_gate_ok+gate_fail:fvg_gate_ok+gate_fail:cvd_gate_ok,gate_fail:adx_ok|gate_fail:ema_dist_ok|gate_fail:bbwp_gate_ok|gate_fail:fvg_gate_ok|gate_fail:cvd_gate_ok
2026-02-05T12:00:00+00:00,2071.63,1000.0,0.0,1000.0,0,False,HOLD,48,2026-02-05 12:00:00+00:00,6,,gate_fail:adx_ok+gate_fail:ema_dist_ok+gate_fail:bbwp_gate_ok+gate_fail:fvg_gate_ok+gate_fail:cvd_gate_ok+rsi_out_of_range,gate_fail:adx_ok|gate_fail:ema_dist_ok|gate_fail:bbwp_gate_ok|gate_fail:fvg_gate_ok|gate_fail:cvd_gate_ok|rsi_out_of_range
2026-02-05T12:15:00+00:00,2069.75,1000.0,0.0,1000.0,0,False,HOLD,49,2026-02-05 12:15:00+00:00,7,,gate_fail:adx_ok+gate_fail:ema_dist_ok+gate_fail:bbwp_gate_ok+gate_fail:os_dev_build_ok+gate_fail:fvg_gate_ok+gate_fail:cvd_gate_ok+rsi_out_of_range,gate_fail:adx_ok|gate_fail:ema_dist_ok|gate_fail:bbwp_gate_ok|gate_fail:os_dev_build_ok|gate_fail:fvg_gate_ok|gate_fail:cvd_gate_ok|rsi_out_of_range
2026-02-05T12:30:00+00:00,2057.9,1000.0,0.0,1000.0,0,False,HOLD,50,2026-02-05 12:30:00+00:00,7,,gate_fail:adx_ok+gate_fail:ema_dist_ok+gate_fail:bbwp_gate_ok+gate_fail:os_dev_build_ok+gate_fail:fvg_gate_ok+gate_fail:cvd_gate_ok+rsi_out_of_range,gate_fail:adx_ok|gate_fail:ema_dist_ok|gate_fail:bbwp_gate_ok|gate_fail:os_dev_build_ok|gate_fail:fvg_gate_ok|gate_fail:cvd_gate_ok|rsi_out_of_range
2026-02-05T12:45:00+00:00,2063.99,1000.0,0.0,1000.0,0,False,HOLD,51,2026-02-05 12:45:00+00:00,8,,gate_fail:adx_ok+gate_fail:bbw_nonexp+gate_fail:ema_dist_ok+gate_fail:bbwp_gate_ok+gate_fail:os_dev_build_ok+gate_fail:fvg_gate_ok+gate_fail:cvd_gate_ok+rsi_out_of_range,gate_fail:adx_ok|gate_fail:bbw_nonexp|gate_fail:ema_dist_ok|gate_fail:bbwp_gate_ok|gate_fail:os_dev_build_ok|gate_fail:fvg_gate_ok|gate_fail:cvd_gate_ok|rsi_out_of_range
2026-02-05T13:00:00+00:00,2058.8,1000.0,0.0,1000.0,0,False,HOLD,52,2026-02-05 13:00:00+00:00,6,,gate_fail:adx_ok+gate_fail:ema_dist_ok+gate_fail:bbwp_gate_ok+gate_fail:fvg_gate_ok+gate_fail:cvd_gate_ok+rsi_out_of_range,gate_fail:adx_ok|gate_fail:ema_dist_ok|gate_fail:bbwp_gate_ok|gate_fail:fvg_gate_ok|gate_fail:cvd_gate_ok|rsi_out_of_range
2026-02-05T13:15:00+00:00,2053.38,1000.0,0.0,1000.0,0,False,HOLD,53,2026-02-05 13:15:00+00:00,6,,gate_fail:adx_ok+gate_fail:ema_dist_ok+gate_fail:bbwp_gate_ok+gate_fail:fvg_gate_ok+gate_fail:cvd_gate_ok+rsi_out_of_range,gate_fail:adx_ok|gate_fail:ema_dist_ok|gate_fail:bbwp_gate_ok|gate_fail:fvg_gate_ok|gate_fail:cvd_gate_ok|rsi_out_of_range
2026-02-05T13:30:00+00:00,2056.67,1000.0,0.0,1000.0,0,False,HOLD,54,2026-02-05 13:30:00+00:00,5,,gate_fail:adx_ok+gate_fail:ema_dist_ok+gate_fail:bbwp_gate_ok+gate_fail:fvg_gate_ok+rsi_out_of_range,gate_fail:adx_ok|gate_fail:ema_dist_ok|gate_fail:bbwp_gate_ok|gate_fail:fvg_gate_ok|rsi_out_of_range
2026-02-05T13:45:00+00:00,2058.64,1000.0,0.0,1000.0,0,False,HOLD,55,2026-02-05 13:45:00+00:00,6,,gate_fail:adx_ok+gate_fail:bbw_nonexp+gate_fail:ema_dist_ok+gate_fail:bbwp_gate_ok+gate_fail:fvg_gate_ok+rsi_out_of_range,gate_fail:adx_ok|gate_fail:bbw_nonexp|gate_fail:ema_dist_ok|gate_fail:bbwp_gate_ok|gate_fail:fvg_gate_ok|rsi_out_of_range
2026-02-05T14:00:00+00:00,2065.66,1000.0,0.0,1000.0,0,False,HOLD,56,2026-02-05 14:00:00+00:00,5,,gate_fail:adx_ok+gate_fail:ema_dist_ok+gate_fail:bbwp_gate_ok+gate_fail:os_dev_build_ok+gate_fail:fvg_gate_ok,gate_fail:adx_ok|gate_fail:ema_dist_ok|gate_fail:bbwp_gate_ok|gate_fail:os_dev_build_ok|gate_fail:fvg_gate_ok
2026-02-05T14:15:00+00:00,2076.88,1000.0,0.0,1000.0,0,False,HOLD,57,2026-02-05 14:15:00+00:00,4,,gate_fail:adx_ok+gate_fail:ema_dist_ok+gate_fail:bbwp_gate_ok+gate_fail:fvg_gate_ok,gate_fail:adx_ok|gate_fail:ema_dist_ok|gate_fail:bbwp_gate_ok|gate_fail:fvg_gate_ok
2026-02-05T14:30:00+00:00,2086.35,1000.0,0.0,1000.0,0,False,HOLD,58,2026-02-05 14:30:00+00:00,5,,gate_fail:adx_ok+gate_fail:ema_dist_ok+gate_fail:bbwp_gate_ok+gate_fail:os_dev_build_ok+gate_fail:fvg_gate_ok,gate_fail:adx_ok|gate_fail:ema_dist_ok|gate_fail:bbwp_gate_ok|gate_fail:os_dev_build_ok|gate_fail:fvg_gate_ok
2026-02-05T14:45:00+00:00,2046.6,1000.0,0.0,1000.0,0,False,HOLD,59,2026-02-05 14:45:00+00:00,7,,gate_fail:adx_ok+gate_fail:bbw_nonexp+gate_fail:ema_dist_ok+gate_fail:bbwp_gate_ok+gate_fail:os_dev_build_ok+gate_fail:fvg_gate_ok+rsi_out_of_range,gate_fail:adx_ok|gate_fail:bbw_nonexp|gate_fail:ema_dist_ok|gate_fail:bbwp_gate_ok|gate_fail:os_dev_build_ok|gate_fail:fvg_gate_ok|rsi_out_of_range
2026-02-05T15:00:00+00:00,1997.36,1000.0,0.0,1000.0,0,True,STOP,60,2026-02-05 15:00:00+00:00,6,,gate_fail:adx_ok+gate_fail:ema_dist_ok+gate_fail:bbwp_gate_ok+gate_fail:os_dev_build_ok+gate_fail:fvg_gate_ok+rsi_out_of_range,gate_fail:adx_ok|gate_fail:ema_dist_ok|gate_fail:bbwp_gate_ok|gate_fail:os_dev_build_ok|gate_fail:fvg_gate_ok|rsi_out_of_range
2026-02-05T15:15:00+00:00,1933.74,1000.0,0.0,1000.0,0,True,STOP,61,2026-02-05 15:15:00+00:00,7,,gate_fail:adx_ok+gate_fail:ema_dist_ok+gate_fail:bbwp_gate_ok+gate_fail:os_dev_build_ok+gate_fail:fvg_gate_ok+gate_fail:cvd_gate_ok+rsi_out_of_range,gate_fail:adx_ok|gate_fail:ema_dist_ok|gate_fail:bbwp_gate_ok|gate_fail:os_dev_build_ok|gate_fail:fvg_gate_ok|gate_fail:cvd_gate_ok|rsi_out_of_range
2026-02-05T15:30:00+00:00,1964.83,1000.0,0.0,1000.0,0,False,HOLD,62,2026-02-05 15:30:00+00:00,7,,gate_fail:adx_ok+gate_fail:ema_dist_ok+gate_fail:bbwp_gate_ok+gate_fail:os_dev_build_ok+gate_fail:fvg_gate_ok+gate_fail:cvd_gate_ok+rsi_out_of_range,gate_fail:adx_ok|gate_fail:ema_dist_ok|gate_fail:bbwp_gate_ok|gate_fail:os_dev_build_ok|gate_fail:fvg_gate_ok|gate_fail:cvd_gate_ok|rsi_out_of_range
2026-02-05T15:45:00+00:00,1961.12,1000.0,0.0,1000.0,0,False,HOLD,63,2026-02-05 15:45:00+00:00,9,,gate_fail:adx_ok+gate_fail:bbw_nonexp+gate_fail:ema_dist_ok+gate_fail:vol_ok+gate_fail:bbwp_gate_ok+gate_fail:os_dev_build_ok+gate_fail:fvg_gate_ok+gate_fail:cvd_gate_ok+rsi_out_of_range,gate_fail:adx_ok|gate_fail:bbw_nonexp|gate_fail:ema_dist_ok|gate_fail:vol_ok|gate_fail:bbwp_gate_ok|gate_fail:os_dev_build_ok|gate_fail:fvg_gate_ok|gate_fail:cvd_gate_ok|rsi_out_of_range
2026-02-05T16:00:00+00:00,1952.48,1000.0,0.0,1000.0,0,False,HOLD,64,2026-02-05 16:00:00+00:00,8,,gate_fail:adx_ok+gate_fail:ema_dist_ok+gate_fail:vol_ok+gate_fail:bbwp_gate_ok+gate_fail:os_dev_build_ok+gate_fail:fvg_gate_ok+gate_fail:cvd_gate_ok+rsi_out_of_range,gate_fail:adx_ok|gate_fail:ema_dist_ok|gate_fail:vol_ok|gate_fail:bbwp_gate_ok|gate_fail:os_dev_build_ok|gate_fail:fvg_gate_ok|gate_fail:cvd_gate_ok|rsi_out_of_range
2026-02-05T16:15:00+00:00,1987.33,1000.0,0.0,1000.0,0,False,HOLD,65,2026-02-05 16:15:00+00:00,8,,gate_fail:adx_ok+gate_fail:ema_dist_ok+gate_fail:vol_ok+gate_fail:bbwp_gate_ok+gate_fail:os_dev_build_ok+gate_fail:fvg_gate_ok+gate_fail:cvd_gate_ok+rsi_out_of_range,gate_fail:adx_ok|gate_fail:ema_dist_ok|gate_fail:vol_ok|gate_fail:bbwp_gate_ok|gate_fail:os_dev_build_ok|gate_fail:fvg_gate_ok|gate_fail:cvd_gate_ok|rsi_out_of_range
2026-02-05T16:30:00+00:00,1975.19,1000.0,0.0,1000.0,0,False,HOLD,66,2026-02-05 16:30:00+00:00,7,,gate_fail:adx_ok+gate_fail:ema_dist_ok+gate_fail:vol_ok+gate_fail:bbwp_gate_ok+gate_fail:fvg_gate_ok+gate_fail:cvd_gate_ok+rsi_out_of_range,gate_fail:adx_ok|gate_fail:ema_dist_ok|gate_fail:vol_ok|gate_fail:bbwp_gate_ok|gate_fail:fvg_gate_ok|gate_fail:cvd_gate_ok|rsi_out_of_range
2026-02-05T16:45:00+00:00,1998.68,1000.0,0.0,1000.0,0,False,HOLD,67,2026-02-05 16:45:00+00:00,6,,gate_fail:adx_ok+gate_fail:bbw_nonexp+gate_fail:ema_dist_ok+gate_fail:bbwp_gate_ok+gate_fail:fvg_gate_ok+gate_fail:cvd_gate_ok,gate_fail:adx_ok|gate_fail:bbw_nonexp|gate_fail:ema_dist_ok|gate_fail:bbwp_gate_ok|gate_fail:fvg_gate_ok|gate_fail:cvd_gate_ok
2026-02-05T17:00:00+00:00,1975.6,1000.0,0.0,1000.0,0,False,HOLD,68,2026-02-05 17:00:00+00:00,5,,gate_fail:adx_ok+gate_fail:ema_dist_ok+gate_fail:bbwp_gate_ok+gate_fail:fvg_gate_ok+rsi_out_of_range,gate_fail:adx_ok|gate_fail:ema_dist_ok|gate_fail:bbwp_gate_ok|gate_fail:fvg_gate_ok|rsi_out_of_range
2026-02-05T17:15:00+00:00,1981.24,1000.0,0.0,1000.0,0,False,HOLD,69,2026-02-05 17:15:00+00:00,4,,gate_fail:adx_ok+gate_fail:ema_dist_ok+gate_fail:bbwp_gate_ok+gate_fail:fvg_gate_ok,gate_fail:adx_ok|gate_fail:ema_dist_ok|gate_fail:bbwp_gate_ok|gate_fail:fvg_gate_ok
2026-02-05T17:30:00+00:00,1973.53,1000.0,0.0,1000.0,0,False,HOLD,70,2026-02-05 17:30:00+00:00,5,,gate_fail:adx_ok+gate_fail:ema_dist_ok+gate_fail:bbwp_gate_ok+gate_fail:fvg_gate_ok+rsi_out_of_range,gate_fail:adx_ok|gate_fail:ema_dist_ok|gate_fail:bbwp_gate_ok|gate_fail:fvg_gate_ok|rsi_out_of_range
2026-02-05T17:45:00+00:00,1955.09,1000.0,0.0,1000.0,0,False,HOLD,71,2026-02-05 17:45:00+00:00,6,,gate_fail:adx_ok+gate_fail:bbw_nonexp+gate_fail:ema_dist_ok+gate_fail:bbwp_gate_ok+gate_fail:fvg_gate_ok+rsi_out_of_range,gate_fail:adx_ok|gate_fail:bbw_nonexp|gate_fail:ema_dist_ok|gate_fail:bbwp_gate_ok|gate_fail:fvg_gate_ok|rsi_out_of_range
2026-02-05T18:00:00+00:00,1962.06,1000.0,0.0,1000.0,0,False,HOLD,72,2026-02-05 18:00:00+00:00,5,,gate_fail:adx_ok+gate_fail:ema_dist_ok+gate_fail:bbwp_gate_ok+gate_fail:fvg_gate_ok+rsi_out_of_range,gate_fail:adx_ok|gate_fail:ema_dist_ok|gate_fail:bbwp_gate_ok|gate_fail:fvg_gate_ok|rsi_out_of_range
2026-02-05T18:15:00+00:00,1936.8,1000.0,0.0,1000.0,0,False,HOLD,73,2026-02-05 18:15:00+00:00,6,,gate_fail:adx_ok+gate_fail:ema_dist_ok+gate_fail:bbwp_gate_ok+gate_fail:fvg_gate_ok+gate_fail:mrvd_gate_ok+rsi_out_of_range,gate_fail:adx_ok|gate_fail:ema_dist_ok|gate_fail:bbwp_gate_ok|gate_fail:fvg_gate_ok|gate_fail:mrvd_gate_ok|rsi_out_of_range
2026-02-05T18:30:00+00:00,1923.76,1000.0,0.0,1000.0,0,True,STOP,74,2026-02-05 18:30:00+00:00,7,,gate_fail:adx_ok+gate_fail:ema_dist_ok+gate_fail:bbwp_gate_ok+gate_fail:os_dev_build_ok+gate_fail:fvg_gate_ok+gate_fail:cvd_gate_ok+rsi_out_of_range,gate_fail:adx_ok|gate_fail:ema_dist_ok|gate_fail:bbwp_gate_ok|gate_fail:os_dev_build_ok|gate_fail:fvg_gate_ok|gate_fail:cvd_gate_ok|rsi_out_of_range
2026-02-05T18:45:00+00:00,1950.3,1000.0,0.0,1000.0,0,False,HOLD,75,2026-02-05 18:45:00+00:00,7,,gate_fail:adx_ok+gate_fail:bbw_nonexp+gate_fail:ema_dist_ok+gate_fail:bbwp_gate_ok+gate_fail:fvg_gate_ok+gate_fail:cvd_gate_ok+rsi_out_of_range,gate_fail:adx_ok|gate_fail:bbw_nonexp|gate_fail:ema_dist_ok|gate_fail:bbwp_gate_ok|gate_fail:fvg_gate_ok|gate_fail:cvd_gate_ok|rsi_out_of_range
2026-02-05T19:00:00+00:00,1937.17,1000.0,0.0,1000.0,0,False,HOLD,76,2026-02-05 19:00:00+00:00,6,,gate_fail:adx_ok+gate_fail:ema_dist_ok+gate_fail:bbwp_gate_ok+gate_fail:fvg_gate_ok+gate_fail:cvd_gate_ok+rsi_out_of_range,gate_fail:adx_ok|gate_fail:ema_dist_ok|gate_fail:bbwp_gate_ok|gate_fail:fvg_gate_ok|gate_fail:cvd_gate_ok|rsi_out_of_range
2026-02-05T19:15:00+00:00,1937.79,1000.0,0.0,1000.0,0,False,HOLD,77,2026-02-05 19:15:00+00:00,6,,gate_fail:adx_ok+gate_fail:ema_dist_ok+gate_fail:bbwp_gate_ok+gate_fail:fvg_gate_ok+gate_fail:cvd_gate_ok+rsi_out_of_range,gate_fail:adx_ok|gate_fail:ema_dist_ok|gate_fail:bbwp_gate_ok|gate_fail:fvg_gate_ok|gate_fail:cvd_gate_ok|rsi_out_of_range
2026-02-05T19:30:00+00:00,1933.63,1000.0,0.0,1000.0,0,False,HOLD,78,2026-02-05 19:30:00+00:00,5,,gate_fail:adx_ok+gate_fail:ema_dist_ok+gate_fail:bbwp_gate_ok+gate_fail:fvg_gate_ok+rsi_out_of_range,gate_fail:adx_ok|gate_fail:ema_dist_ok|gate_fail:bbwp_gate_ok|gate_fail:fvg_gate_ok|rsi_out_of_range
2026-02-05T19:45:00+00:00,1928.76,1000.0,0.0,1000.0,0,True,STOP,79,2026-02-05 19:45:00+00:00,8,,gate_fail:adx_ok+gate_fail:bbw_nonexp+gate_fail:ema_dist_ok+gate_fail:bbwp_gate_ok+gate_fail:os_dev_build_ok+gate_fail:fvg_gate_ok+gate_fail:cvd_gate_ok+rsi_out_of_range,gate_fail:adx_ok|gate_fail:bbw_nonexp|gate_fail:ema_dist_ok|gate_fail:bbwp_gate_ok|gate_fail:os_dev_build_ok|gate_fail:fvg_gate_ok|gate_fail:cvd_gate_ok|rsi_out_of_range
2026-02-05T20:00:00+00:00,1922.55,1000.0,0.0,1000.0,0,True,STOP,80,2026-02-05 20:00:00+00:00,8,,gate_fail:adx_ok+gate_fail:ema_dist_ok+gate_fail:bbwp_gate_ok+gate_fail:os_dev_build_ok+gate_fail:fvg_gate_ok+gate_fail:mrvd_gate_ok+gate_fail:cvd_gate_ok+rsi_out_of_range,gate_fail:adx_ok|gate_fail:ema_dist_ok|gate_fail:bbwp_gate_ok|gate_fail:os_dev_build_ok|gate_fail:fvg_gate_ok|gate_fail:mrvd_gate_ok|gate_fail:cvd_gate_ok|rsi_out_of_range
2026-02-05T20:15:00+00:00,1874.93,1000.0,0.0,1000.0,0,True,STOP,81,2026-02-05 20:15:00+00:00,7,,gate_fail:adx_ok+gate_fail:ema_dist_ok+gate_fail:bbwp_gate_ok+gate_fail:os_dev_build_ok+gate_fail:fvg_gate_ok+gate_fail:cvd_gate_ok+rsi_out_of_range,gate_fail:adx_ok|gate_fail:ema_dist_ok|gate_fail:bbwp_gate_ok|gate_fail:os_dev_build_ok|gate_fail:fvg_gate_ok|gate_fail:cvd_gate_ok|rsi_out_of_range
2026-02-05T20:30:00+00:00,1867.54,1000.0,0.0,1000.0,0,False,HOLD,82,2026-02-05 20:30:00+00:00,8,,gate_fail:adx_ok+gate_fail:ema_dist_ok+gate_fail:bbwp_gate_ok+gate_fail:os_dev_build_ok+gate_fail:fvg_gate_ok+gate_fail:mrvd_gate_ok+gate_fail:cvd_gate_ok+rsi_out_of_range,gate_fail:adx_ok|gate_fail:ema_dist_ok|gate_fail:bbwp_gate_ok|gate_fail:os_dev_build_ok|gate_fail:fvg_gate_ok|gate_fail:mrvd_gate_ok|gate_fail:cvd_gate_ok|rsi_out_of_range
2026-02-05T20:45:00+00:00,1869.59,1000.0,0.0,1000.0,0,False,HOLD,83,2026-02-05 20:45:00+00:00,8,,gate_fail:adx_ok+gate_fail:bbw_nonexp+gate_fail:ema_dist_ok+gate_fail:bbwp_gate_ok+gate_fail:os_dev_build_ok+gate_fail:fvg_gate_ok+gate_fail:cvd_gate_ok+rsi_out_of_range,gate_fail:adx_ok|gate_fail:bbw_nonexp|gate_fail:ema_dist_ok|gate_fail:bbwp_gate_ok|gate_fail:os_dev_build_ok|gate_fail:fvg_gate_ok|gate_fail:cvd_gate_ok|rsi_out_of_range
2026-02-05T21:00:00+00:00,1876.16,1000.0,0.0,1000.0,0,False,HOLD,84,2026-02-05 21:00:00+00:00,6,,gate_fail:adx_ok+gate_fail:ema_dist_ok+gate_fail:bbwp_gate_ok+gate_fail:fvg_gate_ok+gate_fail:cvd_gate_ok+rsi_out_of_range,gate_fail:adx_ok|gate_fail:ema_dist_ok|gate_fail:bbwp_gate_ok|gate_fail:fvg_gate_ok|gate_fail:cvd_gate_ok|rsi_out_of_range
2026-02-05T21:15:00+00:00,1880.21,1000.0,0.0,1000.0,0,False,HOLD,85,2026-02-05 21:15:00+00:00,6,,gate_fail:adx_ok+gate_fail:ema_dist_ok+gate_fail:bbwp_gate_ok+gate_fail:fvg_gate_ok+gate_fail:cvd_gate_ok+rsi_out_of_range,gate_fail:adx_ok|gate_fail:ema_dist_ok|gate_fail:bbwp_gate_ok|gate_fail:fvg_gate_ok|gate_fail:cvd_gate_ok|rsi_out_of_range
2026-02-05T21:30:00+00:00,1858.75,1000.0,0.0,1000.0,0,False,HOLD,86,2026-02-05 21:30:00+00:00,5,,gate_fail:adx_ok+gate_fail:ema_dist_ok+gate_fail:bbwp_gate_ok+gate_fail:fvg_gate_ok+rsi_out_of_range,gate_fail:adx_ok|gate_fail:ema_dist_ok|gate_fail:bbwp_gate_ok|gate_fail:fvg_gate_ok|rsi_out_of_range
2026-02-05T21:45:00+00:00,1850.48,1000.0,0.0,1000.0,0,False,HOLD,87,2026-02-05 21:45:00+00:00,6,,gate_fail:adx_ok+gate_fail:bbw_nonexp+gate_fail:ema_dist_ok+gate_fail:bbwp_gate_ok+gate_fail:fvg_gate_ok+rsi_out_of_range,gate_fail:adx_ok|gate_fail:bbw_nonexp|gate_fail:ema_dist_ok|gate_fail:bbwp_gate_ok|gate_fail:fvg_gate_ok|rsi_out_of_range
2026-02-05T22:00:00+00:00,1854.3,1000.0,0.0,1000.0,0,True,STOP,88,2026-02-05 22:00:00+00:00,6,,gate_fail:adx_ok+gate_fail:ema_dist_ok+gate_fail:bbwp_gate_ok+gate_fail:os_dev_build_ok+gate_fail:fvg_gate_ok+rsi_out_of_range,gate_fail:adx_ok|gate_fail:ema_dist_ok|gate_fail:bbwp_gate_ok|gate_fail:os_dev_build_ok|gate_fail:fvg_gate_ok|rsi_out_of_range
2026-02-05T22:15:00+00:00,1876.26,1000.0,0.0,1000.0,0,False,HOLD,89,2026-02-05 22:15:00+00:00,6,,gate_fail:adx_ok+gate_fail:ema_dist_ok+gate_fail:bbwp_gate_ok+gate_fail:fvg_gate_ok+gate_fail:mrvd_gate_ok+rsi_out_of_range,gate_fail:adx_ok|gate_fail:ema_dist_ok|gate_fail:bbwp_gate_ok|gate_fail:fvg_gate_ok|gate_fail:mrvd_gate_ok|rsi_out_of_range
2026-02-05T22:30:00+00:00,1875.18,1000.0,0.0,1000.0,0,False,HOLD,90,2026-02-05 22:30:00+00:00,5,,gate_fail:adx_ok+gate_fail:ema_dist_ok+gate_fail:bbwp_gate_ok+gate_fail:fvg_gate_ok+rsi_out_of_range,gate_fail:adx_ok|gate_fail:ema_dist_ok|gate_fail:bbwp_gate_ok|gate_fail:fvg_gate_ok|rsi_out_of_range
2026-02-05T22:45:00+00:00,1870.79,1000.0,0.0,1000.0,0,False,HOLD,91,2026-02-05 22:45:00+00:00,6,,gate_fail:adx_ok+gate_fail:bbw_nonexp+gate_fail:ema_dist_ok+gate_fail:bbwp_gate_ok+gate_fail:fvg_gate_ok+rsi_out_of_range,gate_fail:adx_ok|gate_fail:bbw_nonexp|gate_fail:ema_dist_ok|gate_fail:bbwp_gate_ok|gate_fail:fvg_gate_ok|rsi_out_of_range
2026-02-05T23:00:00+00:00,1900.22,1000.0,0.0,1000.0,0,False,HOLD,92,2026-02-05 23:00:00+00:00,4,,gate_fail:adx_ok+gate_fail:ema_dist_ok+gate_fail:bbwp_gate_ok+gate_fail:fvg_gate_ok,gate_fail:adx_ok|gate_fail:ema_dist_ok|gate_fail:bbwp_gate_ok|gate_fail:fvg_gate_ok
2026-02-05T23:15:00+00:00,1881.83,1000.0,0.0,1000.0,0,False,HOLD,93,2026-02-05 23:15:00+00:00,4,,gate_fail:adx_ok+gate_fail:ema_dist_ok+gate_fail:bbwp_gate_ok+gate_fail:fvg_gate_ok,gate_fail:adx_ok|gate_fail:ema_dist_ok|gate_fail:bbwp_gate_ok|gate_fail:fvg_gate_ok
2026-02-05T23:30:00+00:00,1845.06,1000.0,0.0,1000.0,0,False,HOLD,94,2026-02-05 23:30:00+00:00,5,,gate_fail:adx_ok+gate_fail:ema_dist_ok+gate_fail:bbwp_gate_ok+gate_fail:fvg_gate_ok+rsi_out_of_range,gate_fail:adx_ok|gate_fail:ema_dist_ok|gate_fail:bbwp_gate_ok|gate_fail:fvg_gate_ok|rsi_out_of_range
2026-02-05T23:45:00+00:00,1826.83,1000.0,0.0,1000.0,0,False,HOLD,95,2026-02-05 23:45:00+00:00,6,,gate_fail:adx_ok+gate_fail:bbw_nonexp+gate_fail:ema_dist_ok+gate_fail:bbwp_gate_ok+gate_fail:fvg_gate_ok+rsi_out_of_range,gate_fail:adx_ok|gate_fail:bbw_nonexp|gate_fail:ema_dist_ok|gate_fail:bbwp_gate_ok|gate_fail:fvg_gate_ok|rsi_out_of_range
2026-02-06T00:00:00+00:00,1769.49,1000.0,0.0,1000.0,0,True,STOP,96,2026-02-06 00:00:00+00:00,6,,gate_fail:adx_ok+gate_fail:ema_dist_ok+gate_fail:bbwp_gate_ok+gate_fail:os_dev_build_ok+gate_fail:fvg_gate_ok+rsi_out_of_range,gate_fail:adx_ok|gate_fail:ema_dist_ok|gate_fail:bbwp_gate_ok|gate_fail:os_dev_build_ok|gate_fail:fvg_gate_ok|rsi_out_of_range
2026-02-06T00:15:00+00:00,1787.81,1000.0,0.0,1000.0,0,False,HOLD,97,2026-02-06 00:15:00+00:00,6,,gate_fail:adx_ok+gate_fail:ema_dist_ok+gate_fail:bbwp_gate_ok+gate_fail:os_dev_build_ok+gate_fail:fvg_gate_ok+rsi_out_of_range,gate_fail:adx_ok|gate_fail:ema_dist_ok|gate_fail:bbwp_gate_ok|gate_fail:os_dev_build_ok|gate_fail:fvg_gate_ok|rsi_out_of_range
2026-02-06T00:30:00+00:00,1863.99,1000.0,0.0,1000.0,0,False,HOLD,98,2026-02-06 00:30:00+00:00,4,,gate_fail:adx_ok+gate_fail:ema_dist_ok+gate_fail:bbwp_gate_ok+gate_fail:fvg_gate_ok,gate_fail:adx_ok|gate_fail:ema_dist_ok|gate_fail:bbwp_gate_ok|gate_fail:fvg_gate_ok
2026-02-06T00:45:00+00:00,1870.61,1000.0,0.0,1000.0,0,False,HOLD,99,2026-02-06 00:45:00+00:00,5,,gate_fail:adx_ok+gate_fail:bbw_nonexp+gate_fail:ema_dist_ok+gate_fail:bbwp_gate_ok+gate_fail:fvg_gate_ok,gate_fail:adx_ok|gate_fail:bbw_nonexp|gate_fail:ema_dist_ok|gate_fail:bbwp_gate_ok|gate_fail:fvg_gate_ok
2026-02-06T01:00:00+00:00,1894.7,1000.0,0.0,1000.0,0,False,HOLD,100,2026-02-06 01:00:00+00:00,4,,gate_fail:adx_ok+gate_fail:ema_dist_ok+gate_fail:bbwp_gate_ok+gate_fail:fvg_gate_ok,gate_fail:adx_ok|gate_fail:ema_dist_ok|gate_fail:bbwp_gate_ok|gate_fail:fvg_gate_ok
2026-02-06T01:15:00+00:00,1896.84,1000.0,0.0,1000.0,0,False,HOLD,101,2026-02-06 01:15:00+00:00,4,,gate_fail:adx_ok+gate_fail:ema_dist_ok+gate_fail:bbwp_gate_ok+gate_fail:fvg_gate_ok,gate_fail:adx_ok|gate_fail:ema_dist_ok|gate_fail:bbwp_gate_ok|gate_fail:fvg_gate_ok
2026-02-06T01:30:00+00:00,1921.16,1000.0,0.0,1000.0,0,False,HOLD,102,2026-02-06 01:30:00+00:00,5,,gate_fail:adx_ok+gate_fail:ema_dist_ok+gate_fail:bbwp_gate_ok+gate_fail:fvg_gate_ok+gate_fail:mrvd_gate_ok,gate_fail:adx_ok|gate_fail:ema_dist_ok|gate_fail:bbwp_gate_ok|gate_fail:fvg_gate_ok|gate_fail:mrvd_gate_ok
2026-02-06T01:45:00+00:00,1932.17,1000.0,0.0,1000.0,0,False,HOLD,103,2026-02-06 01:45:00+00:00,4,,gate_fail:adx_ok+gate_fail:ema_dist_ok+gate_fail:bbwp_gate_ok+gate_fail:fvg_gate_ok,gate_fail:adx_ok|gate_fail:ema_dist_ok|gate_fail:bbwp_gate_ok|gate_fail:fvg_gate_ok
2026-02-06T02:00:00+00:00,1911.82,1000.0,0.0,1000.0,0,False,HOLD,104,2026-02-06 02:00:00+00:00,4,,gate_fail:adx_ok+gate_fail:ema_dist_ok+gate_fail:bbwp_gate_ok+gate_fail:fvg_gate_ok,gate_fail:adx_ok|gate_fail:ema_dist_ok|gate_fail:bbwp_gate_ok|gate_fail:fvg_gate_ok
2026-02-06T02:15:00+00:00,1906.85,1000.0,0.0,1000.0,0,False,HOLD,105,2026-02-06 02:15:00+00:00,4,,gate_fail:adx_ok+gate_fail:ema_dist_ok+gate_fail:bbwp_gate_ok+gate_fail:fvg_gate_ok,gate_fail:adx_ok|gate_fail:ema_dist_ok|gate_fail:bbwp_gate_ok|gate_fail:fvg_gate_ok
2026-02-06T02:30:00+00:00,1919.09,1000.0,0.0,1000.0,0,False,HOLD,106,2026-02-06 02:30:00+00:00,4,,gate_fail:adx_ok+gate_fail:ema_dist_ok+gate_fail:bbwp_gate_ok+gate_fail:fvg_gate_ok,gate_fail:adx_ok|gate_fail:ema_dist_ok|gate_fail:bbwp_gate_ok|gate_fail:fvg_gate_ok
2026-02-06T02:45:00+00:00,1907.49,1000.0,0.0,1000.0,0,True,STOP,107,2026-02-06 02:45:00+00:00,4,,gate_fail:adx_ok+gate_fail:ema_dist_ok+gate_fail:bbwp_gate_ok+gate_fail:fvg_gate_ok,gate_fail:adx_ok|gate_fail:ema_dist_ok|gate_fail:bbwp_gate_ok|gate_fail:fvg_gate_ok
2026-02-06T03:00:00+00:00,1894.74,1000.0,0.0,1000.0,0,True,STOP,108,2026-02-06 03:00:00+00:00,4,,gate_fail:adx_ok+gate_fail:ema_dist_ok+gate_fail:bbwp_gate_ok+gate_fail:fvg_gate_ok,gate_fail:adx_ok|gate_fail:ema_dist_ok|gate_fail:bbwp_gate_ok|gate_fail:fvg_gate_ok
2026-02-06T03:15:00+00:00,1896.45,1000.0,0.0,1000.0,0,False,HOLD,109,2026-02-06 03:15:00+00:00,4,,gate_fail:adx_ok+gate_fail:ema_dist_ok+gate_fail:bbwp_gate_ok+gate_fail:fvg_gate_ok,gate_fail:adx_ok|gate_fail:ema_dist_ok|gate_fail:bbwp_gate_ok|gate_fail:fvg_gate_ok
2026-02-06T03:30:00+00:00,1890.35,1000.0,0.0,1000.0,0,False,HOLD,110,2026-02-06 03:30:00+00:00,4,,gate_fail:adx_ok+gate_fail:ema_dist_ok+gate_fail:bbwp_gate_ok+gate_fail:fvg_gate_ok,gate_fail:adx_ok|gate_fail:ema_dist_ok|gate_fail:bbwp_gate_ok|gate_fail:fvg_gate_ok
2026-02-06T03:45:00+00:00,1891.82,1000.0,0.0,1000.0,0,False,HOLD,111,2026-02-06 03:45:00+00:00,4,,gate_fail:adx_ok+gate_fail:ema_dist_ok+gate_fail:bbwp_gate_ok+gate_fail:fvg_gate_ok,gate_fail:adx_ok|gate_fail:ema_dist_ok|gate_fail:bbwp_gate_ok|gate_fail:fvg_gate_ok
2026-02-06T04:00:00+00:00,1900.68,1000.0,0.0,1000.0,0,False,HOLD,112,2026-02-06 04:00:00+00:00,4,,gate_fail:adx_ok+gate_fail:ema_dist_ok+gate_fail:bbwp_gate_ok+gate_fail:fvg_gate_ok,gate_fail:adx_ok|gate_fail:ema_dist_ok|gate_fail:bbwp_gate_ok|gate_fail:fvg_gate_ok
2026-02-06T04:15:00+00:00,1911.83,1000.0,0.0,1000.0,0,False,HOLD,113,2026-02-06 04:15:00+00:00,4,,gate_fail:adx_ok+gate_fail:ema_dist_ok+gate_fail:bbwp_gate_ok+gate_fail:fvg_gate_ok,gate_fail:adx_ok|gate_fail:ema_dist_ok|gate_fail:bbwp_gate_ok|gate_fail:fvg_gate_ok
2026-02-06T04:30:00+00:00,1906.7,1000.0,0.0,1000.0,0,False,HOLD,114,2026-02-06 04:30:00+00:00,4,,gate_fail:adx_ok+gate_fail:ema_dist_ok+gate_fail:bbwp_gate_ok+gate_fail:fvg_gate_ok,gate_fail:adx_ok|gate_fail:ema_dist_ok|gate_fail:bbwp_gate_ok|gate_fail:fvg_gate_ok
2026-02-06T04:45:00+00:00,1909.03,1000.0,0.0,1000.0,0,False,HOLD,115,2026-02-06 04:45:00+00:00,4,,gate_fail:adx_ok+gate_fail:ema_dist_ok+gate_fail:bbwp_gate_ok+gate_fail:fvg_gate_ok,gate_fail:adx_ok|gate_fail:ema_dist_ok|gate_fail:bbwp_gate_ok|gate_fail:fvg_gate_ok
2026-02-06T05:00:00+00:00,1923.43,1000.0,0.0,1000.0,0,False,HOLD,116,2026-02-06 05:00:00+00:00,4,,gate_fail:adx_ok+gate_fail:ema_dist_ok+gate_fail:bbwp_gate_ok+gate_fail:fvg_gate_ok,gate_fail:adx_ok|gate_fail:ema_dist_ok|gate_fail:bbwp_gate_ok|gate_fail:fvg_gate_ok
2026-02-06T05:15:00+00:00,1917.92,1000.0,0.0,1000.0,0,False,HOLD,117,2026-02-06 05:15:00+00:00,4,,gate_fail:adx_ok+gate_fail:ema_dist_ok+gate_fail:bbwp_gate_ok+gate_fail:fvg_gate_ok,gate_fail:adx_ok|gate_fail:ema_dist_ok|gate_fail:bbwp_gate_ok|gate_fail:fvg_gate_ok
2026-02-06T05:30:00+00:00,1939.01,1000.0,0.0,1000.0,0,False,HOLD,118,2026-02-06 05:30:00+00:00,5,,gate_fail:adx_ok+gate_fail:ema_dist_ok+gate_fail:bbwp_gate_ok+gate_fail:fvg_gate_ok+rsi_out_of_range,gate_fail:adx_ok|gate_fail:ema_dist_ok|gate_fail:bbwp_gate_ok|gate_fail:fvg_gate_ok|rsi_out_of_range
2026-02-06T05:45:00+00:00,1958.69,1000.0,0.0,1000.0,0,False,HOLD,119,2026-02-06 05:45:00+00:00,5,,gate_fail:adx_ok+gate_fail:ema_dist_ok+gate_fail:bbwp_gate_ok+gate_fail:fvg_gate_ok+rsi_out_of_range,gate_fail:adx_ok|gate_fail:ema_dist_ok|gate_fail:bbwp_gate_ok|gate_fail:fvg_gate_ok|rsi_out_of_range
2026-02-06T06:00:00+00:00,1947.16,1000.0,0.0,1000.0,0,False,HOLD,120,2026-02-06 06:00:00+00:00,5,,gate_fail:adx_ok+gate_fail:ema_dist_ok+gate_fail:bbwp_gate_ok+gate_fail:fvg_gate_ok+rsi_out_of_range,gate_fail:adx_ok|gate_fail:ema_dist_ok|gate_fail:bbwp_gate_ok|gate_fail:fvg_gate_ok|rsi_out_of_range
2026-02-06T06:15:00+00:00,1940.68,1000.0,0.0,1000.0,0,False,HOLD,121,2026-02-06 06:15:00+00:00,4,,gate_fail:adx_ok+gate_fail:ema_dist_ok+gate_fail:bbwp_gate_ok+gate_fail:fvg_gate_ok,gate_fail:adx_ok|gate_fail:ema_dist_ok|gate_fail:bbwp_gate_ok|gate_fail:fvg_gate_ok
2026-02-06T06:30:00+00:00,1919.25,1000.0,0.0,1000.0,0,False,HOLD,122,2026-02-06 06:30:00+00:00,4,,gate_fail:adx_ok+gate_fail:ema_dist_ok+gate_fail:bbwp_gate_ok+gate_fail:fvg_gate_ok,gate_fail:adx_ok|gate_fail:ema_dist_ok|gate_fail:bbwp_gate_ok|gate_fail:fvg_gate_ok
2026-02-06T06:45:00+00:00,1908.32,1000.0,0.0,1000.0,0,False,HOLD,123,2026-02-06 06:45:00+00:00,5,,gate_fail:adx_ok+gate_fail:ema_dist_ok+gate_fail:bbwp_gate_ok+gate_fail:os_dev_build_ok+gate_fail:fvg_gate_ok,gate_fail:adx_ok|gate_fail:ema_dist_ok|gate_fail:bbwp_gate_ok|gate_fail:os_dev_build_ok|gate_fail:fvg_gate_ok
2026-02-06T07:00:00+00:00,1898.87,1000.0,0.0,1000.0,0,False,HOLD,124,2026-02-06 07:00:00+00:00,5,,gate_fail:adx_ok+gate_fail:ema_dist_ok+gate_fail:bbwp_gate_ok+gate_fail:os_dev_build_ok+gate_fail:fvg_gate_ok,gate_fail:adx_ok|gate_fail:ema_dist_ok|gate_fail:bbwp_gate_ok|gate_fail:os_dev_build_ok|gate_fail:fvg_gate_ok
2026-02-06T07:15:00+00:00,1903.23,1000.0,0.0,1000.0,0,False,HOLD,125,2026-02-06 07:15:00+00:00,4,,gate_fail:adx_ok+gate_fail:ema_dist_ok+gate_fail:bbwp_gate_ok+gate_fail:fvg_gate_ok,gate_fail:adx_ok|gate_fail:ema_dist_ok|gate_fail:bbwp_gate_ok|gate_fail:fvg_gate_ok
2026-02-06T07:30:00+00:00,1905.63,1000.0,0.0,1000.0,0,False,HOLD,126,2026-02-06 07:30:00+00:00,5,,gate_fail:adx_ok+gate_fail:ema_dist_ok+gate_fail:bbwp_gate_ok+gate_fail:os_dev_build_ok+gate_fail:fvg_gate_ok,gate_fail:adx_ok|gate_fail:ema_dist_ok|gate_fail:bbwp_gate_ok|gate_fail:os_dev_build_ok|gate_fail:fvg_gate_ok
2026-02-06T07:45:00+00:00,1899.42,1000.0,0.0,1000.0,0,False,HOLD,127,2026-02-06 07:45:00+00:00,4,,gate_fail:adx_ok+gate_fail:ema_dist_ok+gate_fail:bbwp_gate_ok+gate_fail:fvg_gate_ok,gate_fail:adx_ok|gate_fail:ema_dist_ok|gate_fail:bbwp_gate_ok|gate_fail:fvg_gate_ok
2026-02-06T08:00:00+00:00,1901.98,1000.0,0.0,1000.0,0,False,HOLD,128,2026-02-06 08:00:00+00:00,5,,gate_fail:adx_ok+gate_fail:ema_dist_ok+gate_fail:bbwp_gate_ok+gate_fail:os_dev_build_ok+gate_fail:fvg_gate_ok,gate_fail:adx_ok|gate_fail:ema_dist_ok|gate_fail:bbwp_gate_ok|gate_fail:os_dev_build_ok|gate_fail:fvg_gate_ok
2026-02-06T08:15:00+00:00,1875.16,1000.0,0.0,1000.0,0,False,HOLD,129,2026-02-06 08:15:00+00:00,6,,gate_fail:adx_ok+gate_fail:ema_dist_ok+gate_fail:bbwp_gate_ok+gate_fail:os_dev_build_ok+gate_fail:fvg_gate_ok+rsi_out_of_range,gate_fail:adx_ok|gate_fail:ema_dist_ok|gate_fail:bbwp_gate_ok|gate_fail:os_dev_build_ok|gate_fail:fvg_gate_ok|rsi_out_of_range
2026-02-06T08:30:00+00:00,1868.77,1000.0,0.0,1000.0,0,False,HOLD,130,2026-02-06 08:30:00+00:00,5,,gate_fail:adx_ok+gate_fail:ema_dist_ok+gate_fail:bbwp_gate_ok+gate_fail:fvg_gate_ok+rsi_out_of_range,gate_fail:adx_ok|gate_fail:ema_dist_ok|gate_fail:bbwp_gate_ok|gate_fail:fvg_gate_ok|rsi_out_of_range
2026-02-06T08:45:00+00:00,1874.46,1000.0,0.0,1000.0,0,False,HOLD,131,2026-02-06 08:45:00+00:00,4,,gate_fail:adx_ok+gate_fail:ema_dist_ok+gate_fail:bbwp_gate_ok+gate_fail:fvg_gate_ok,gate_fail:adx_ok|gate_fail:ema_dist_ok|gate_fail:bbwp_gate_ok|gate_fail:fvg_gate_ok
2026-02-06T09:00:00+00:00,1886.33,1000.0,0.0,1000.0,0,False,HOLD,132,2026-02-06 09:00:00+00:00,4,,gate_fail:adx_ok+gate_fail:ema_dist_ok+gate_fail:bbwp_gate_ok+gate_fail:fvg_gate_ok,gate_fail:adx_ok|gate_fail:ema_dist_ok|gate_fail:bbwp_gate_ok|gate_fail:fvg_gate_ok
2026-02-06T09:15:00+00:00,1904.29,1000.0,0.0,1000.0,0,False,HOLD,133,2026-02-06 09:15:00+00:00,6,,gate_fail:adx_ok+gate_fail:ema_dist_ok+gate_fail:bbwp_gate_ok+gate_fail:os_dev_build_ok+gate_fail:fvg_gate_ok+gate_fail:mrvd_gate_ok,gate_fail:adx_ok|gate_fail:ema_dist_ok|gate_fail:bbwp_gate_ok|gate_fail:os_dev_build_ok|gate_fail:fvg_gate_ok|gate_fail:mrvd_gate_ok
2026-02-06T09:30:00+00:00,1914.84,1000.0,0.0,1000.0,0,False,HOLD,134,2026-02-06 09:30:00+00:00,4,,gate_fail:adx_ok+gate_fail:ema_dist_ok+gate_fail:bbwp_gate_ok+gate_fail:fvg_gate_ok,gate_fail:adx_ok|gate_fail:ema_dist_ok|gate_fail:bbwp_gate_ok|gate_fail:fvg_gate_ok
2026-02-06T09:45:00+00:00,1919.0,1000.0,0.0,1000.0,0,False,HOLD,135,2026-02-06 09:45:00+00:00,4,,gate_fail:adx_ok+gate_fail:ema_dist_ok+gate_fail:bbwp_gate_ok+gate_fail:fvg_gate_ok,gate_fail:adx_ok|gate_fail:ema_dist_ok|gate_fail:bbwp_gate_ok|gate_fail:fvg_gate_ok
2026-02-06T10:00:00+00:00,1914.72,1000.0,0.0,1000.0,0,False,HOLD,136,2026-02-06 10:00:00+00:00,5,,gate_fail:adx_ok+gate_fail:ema_dist_ok+gate_fail:bbwp_gate_ok+gate_fail:os_dev_build_ok+gate_fail:fvg_gate_ok,gate_fail:adx_ok|gate_fail:ema_dist_ok|gate_fail:bbwp_gate_ok|gate_fail:os_dev_build_ok|gate_fail:fvg_gate_ok
2026-02-06T10:15:00+00:00,1926.5,1000.0,0.0,1000.0,0,False,HOLD,137,2026-02-06 10:15:00+00:00,4,,gate_fail:adx_ok+gate_fail:ema_dist_ok+gate_fail:bbwp_gate_ok+gate_fail:fvg_gate_ok,gate_fail:adx_ok|gate_fail:ema_dist_ok|gate_fail:bbwp_gate_ok|gate_fail:fvg_gate_ok
2026-02-06T10:30:00+00:00,1926.71,1000.0,0.0,1000.0,0,False,HOLD,138,2026-02-06 10:30:00+00:00,4,,gate_fail:adx_ok+gate_fail:ema_dist_ok+gate_fail:bbwp_gate_ok+gate_fail:fvg_gate_ok,gate_fail:adx_ok|gate_fail:ema_dist_ok|gate_fail:bbwp_gate_ok|gate_fail:fvg_gate_ok
2026-02-06T10:45:00+00:00,1926.94,1000.0,0.0,1000.0,0,False,HOLD,139,2026-02-06 10:45:00+00:00,4,,gate_fail:adx_ok+gate_fail:ema_dist_ok+gate_fail:bbwp_gate_ok+gate_fail:fvg_gate_ok,gate_fail:adx_ok|gate_fail:ema_dist_ok|gate_fail:bbwp_gate_ok|gate_fail:fvg_gate_ok
2026-02-06T11:00:00+00:00,1929.46,1000.0,0.0,1000.0,0,False,HOLD,140,2026-02-06 11:00:00+00:00,4,,gate_fail:adx_ok+gate_fail:ema_dist_ok+gate_fail:bbwp_gate_ok+gate_fail:fvg_gate_ok,gate_fail:adx_ok|gate_fail:ema_dist_ok|gate_fail:bbwp_gate_ok|gate_fail:fvg_gate_ok
2026-02-06T11:15:00+00:00,1927.52,1000.0,0.0,1000.0,0,False,HOLD,141,2026-02-06 11:15:00+00:00,4,,gate_fail:adx_ok+gate_fail:ema_dist_ok+gate_fail:bbwp_gate_ok+gate_fail:fvg_gate_ok,gate_fail:adx_ok|gate_fail:ema_dist_ok|gate_fail:bbwp_gate_ok|gate_fail:fvg_gate_ok
2026-02-06T11:30:00+00:00,1927.36,1000.0,0.0,1000.0,0,False,HOLD,142,2026-02-06 11:30:00+00:00,4,,gate_fail:adx_ok+gate_fail:ema_dist_ok+gate_fail:bbwp_gate_ok+gate_fail:fvg_gate_ok,gate_fail:adx_ok|gate_fail:ema_dist_ok|gate_fail:bbwp_gate_ok|gate_fail:fvg_gate_ok
2026-02-06T11:45:00+00:00,1932.68,1000.0,0.0,1000.0,0,False,HOLD,143,2026-02-06 11:45:00+00:00,4,,gate_fail:adx_ok+gate_fail:ema_dist_ok+gate_fail:bbwp_gate_ok+gate_fail:fvg_gate_ok,gate_fail:adx_ok|gate_fail:ema_dist_ok|gate_fail:bbwp_gate_ok|gate_fail:fvg_gate_ok
2026-02-06T12:00:00+00:00,1925.9,1000.0,0.0,1000.0,0,False,HOLD,144,2026-02-06 12:00:00+00:00,4,,gate_fail:adx_ok+gate_fail:ema_dist_ok+gate_fail:bbwp_gate_ok+gate_fail:fvg_gate_ok,gate_fail:adx_ok|gate_fail:ema_dist_ok|gate_fail:bbwp_gate_ok|gate_fail:fvg_gate_ok
2026-02-06T12:15:00+00:00,1922.15,1000.0,0.0,1000.0,0,True,STOP,145,2026-02-06 12:15:00+00:00,4,,gate_fail:adx_ok+gate_fail:ema_dist_ok+gate_fail:bbwp_gate_ok+gate_fail:fvg_gate_ok,gate_fail:adx_ok|gate_fail:ema_dist_ok|gate_fail:bbwp_gate_ok|gate_fail:fvg_gate_ok
2026-02-06T12:30:00+00:00,1922.57,1000.0,0.0,1000.0,0,True,STOP,146,2026-02-06 12:30:00+00:00,4,,gate_fail:adx_ok+gate_fail:ema_dist_ok+gate_fail:bbwp_gate_ok+gate_fail:fvg_gate_ok,gate_fail:adx_ok|gate_fail:ema_dist_ok|gate_fail:bbwp_gate_ok|gate_fail:fvg_gate_ok
2026-02-06T12:45:00+00:00,1920.91,1000.0,0.0,1000.0,0,False,HOLD,147,2026-02-06 12:45:00+00:00,5,,gate_fail:adx_ok+gate_fail:ema_dist_ok+gate_fail:bbwp_gate_ok+gate_fail:os_dev_build_ok+gate_fail:fvg_gate_ok,gate_fail:adx_ok|gate_fail:ema_dist_ok|gate_fail:bbwp_gate_ok|gate_fail:os_dev_build_ok|gate_fail:fvg_gate_ok
2026-02-06T13:00:00+00:00,1942.8,1000.0,0.0,1000.0,0,False,HOLD,148,2026-02-06 13:00:00+00:00,6,,gate_fail:adx_ok+gate_fail:ema_dist_ok+gate_fail:bbwp_gate_ok+gate_fail:os_dev_build_ok+gate_fail:fvg_gate_ok+rsi_out_of_range,gate_fail:adx_ok|gate_fail:ema_dist_ok|gate_fail:bbwp_gate_ok|gate_fail:os_dev_build_ok|gate_fail:fvg_gate_ok|rsi_out_of_range
2026-02-06T13:15:00+00:00,1944.06,1000.0,0.0,1000.0,0,False,HOLD,149,2026-02-06 13:15:00+00:00,6,,gate_fail:adx_ok+gate_fail:ema_dist_ok+gate_fail:bbwp_gate_ok+gate_fail:os_dev_build_ok+gate_fail:fvg_gate_ok+rsi_out_of_range,gate_fail:adx_ok|gate_fail:ema_dist_ok|gate_fail:bbwp_gate_ok|gate_fail:os_dev_build_ok|gate_fail:fvg_gate_ok|rsi_out_of_range
2026-02-06T13:30:00+00:00,1951.87,1000.0,0.0,1000.0,0,False,HOLD,150,2026-02-06 13:30:00+00:00,7,,gate_fail:adx_ok+gate_fail:ema_dist_ok+gate_fail:bbwp_gate_ok+gate_fail:os_dev_build_ok+gate_fail:fvg_gate_ok+gate_fail:cvd_gate_ok+rsi_out_of_range,gate_fail:adx_ok|gate_fail:ema_dist_ok|gate_fail:bbwp_gate_ok|gate_fail:os_dev_build_ok|gate_fail:fvg_gate_ok|gate_fail:cvd_gate_ok|rsi_out_of_range
2026-02-06T13:45:00+00:00,1950.31,1000.0,0.0,1000.0,0,False,HOLD,151,2026-02-06 13:45:00+00:00,7,,gate_fail:adx_ok+gate_fail:ema_dist_ok+gate_fail:bbwp_gate_ok+gate_fail:os_dev_build_ok+gate_fail:fvg_gate_ok+gate_fail:cvd_gate_ok+rsi_out_of_range,gate_fail:adx_ok|gate_fail:ema_dist_ok|gate_fail:bbwp_gate_ok|gate_fail:os_dev_build_ok|gate_fail:fvg_gate_ok|gate_fail:cvd_gate_ok|rsi_out_of_range
2026-02-06T14:00:00+00:00,1944.82,1000.0,0.0,1000.0,0,False,HOLD,152,2026-02-06 14:00:00+00:00,7,,gate_fail:adx_ok+gate_fail:ema_dist_ok+gate_fail:bbwp_gate_ok+gate_fail:os_dev_build_ok+gate_fail:fvg_gate_ok+gate_fail:cvd_gate_ok+rsi_out_of_range,gate_fail:adx_ok|gate_fail:ema_dist_ok|gate_fail:bbwp_gate_ok|gate_fail:os_dev_build_ok|gate_fail:fvg_gate_ok|gate_fail:cvd_gate_ok|rsi_out_of_range
2026-02-06T14:15:00+00:00,1949.81,1000.0,0.0,1000.0,0,False,HOLD,153,2026-02-06 14:15:00+00:00,7,,gate_fail:adx_ok+gate_fail:ema_dist_ok+gate_fail:bbwp_gate_ok+gate_fail:os_dev_build_ok+gate_fail:fvg_gate_ok+gate_fail:cvd_gate_ok+rsi_out_of_range,gate_fail:adx_ok|gate_fail:ema_dist_ok|gate_fail:bbwp_gate_ok|gate_fail:os_dev_build_ok|gate_fail:fvg_gate_ok|gate_fail:cvd_gate_ok|rsi_out_of_range
2026-02-06T14:30:00+00:00,1984.99,1000.0,0.0,1000.0,0,False,HOLD,154,2026-02-06 14:30:00+00:00,7,,gate_fail:adx_ok+gate_fail:ema_dist_ok+gate_fail:bbwp_gate_ok+gate_fail:os_dev_build_ok+gate_fail:fvg_gate_ok+gate_fail:cvd_gate_ok+rsi_out_of_range,gate_fail:adx_ok|gate_fail:ema_dist_ok|gate_fail:bbwp_gate_ok|gate_fail:os_dev_build_ok|gate_fail:fvg_gate_ok|gate_fail:cvd_gate_ok|rsi_out_of_range
2026-02-06T14:45:00+00:00,1978.88,1000.0,0.0,1000.0,0,False,HOLD,155,2026-02-06 14:45:00+00:00,8,,gate_fail:adx_ok+gate_fail:bbw_nonexp+gate_fail:ema_dist_ok+gate_fail:bbwp_gate_ok+gate_fail:os_dev_build_ok+gate_fail:fvg_gate_ok+gate_fail:cvd_gate_ok+rsi_out_of_range,gate_fail:adx_ok|gate_fail:bbw_nonexp|gate_fail:ema_dist_ok|gate_fail:bbwp_gate_ok|gate_fail:os_dev_build_ok|gate_fail:fvg_gate_ok|gate_fail:cvd_gate_ok|rsi_out_of_range
2026-02-06T15:00:00+00:00,1963.56,1000.0,0.0,1000.0,0,False,HOLD,156,2026-02-06 15:00:00+00:00,7,,gate_fail:adx_ok+gate_fail:ema_dist_ok+gate_fail:bbwp_gate_ok+gate_fail:fvg_gate_ok+gate_fail:mrvd_gate_ok+gate_fail:cvd_gate_ok+rsi_out_of_range,gate_fail:adx_ok|gate_fail:ema_dist_ok|gate_fail:bbwp_gate_ok|gate_fail:fvg_gate_ok|gate_fail:mrvd_gate_ok|gate_fail:cvd_gate_ok|rsi_out_of_range
2026-02-06T15:15:00+00:00,1972.96,1000.0,0.0,1000.0,0,False,HOLD,157,2026-02-06 15:15:00+00:00,6,,gate_fail:adx_ok+gate_fail:ema_dist_ok+gate_fail:bbwp_gate_ok+gate_fail:fvg_gate_ok+gate_fail:cvd_gate_ok+rsi_out_of_range,gate_fail:adx_ok|gate_fail:ema_dist_ok|gate_fail:bbwp_gate_ok|gate_fail:fvg_gate_ok|gate_fail:cvd_gate_ok|rsi_out_of_range
2026-02-06T15:30:00+00:00,1987.86,1000.0,0.0,1000.0,0,False,HOLD,158,2026-02-06 15:30:00+00:00,5,,gate_fail:adx_ok+gate_fail:ema_dist_ok+gate_fail:bbwp_gate_ok+gate_fail:fvg_gate_ok+rsi_out_of_range,gate_fail:adx_ok|gate_fail:ema_dist_ok|gate_fail:bbwp_gate_ok|gate_fail:fvg_gate_ok|rsi_out_of_range
2026-02-06T15:45:00+00:00,1980.81,1000.0,0.0,1000.0,0,False,HOLD,159,2026-02-06 15:45:00+00:00,6,,gate_fail:adx_ok+gate_fail:bbw_nonexp+gate_fail:ema_dist_ok+gate_fail:bbwp_gate_ok+gate_fail:fvg_gate_ok+rsi_out_of_range,gate_fail:adx_ok|gate_fail:bbw_nonexp|gate_fail:ema_dist_ok|gate_fail:bbwp_gate_ok|gate_fail:fvg_gate_ok|rsi_out_of_range
2026-02-06T16:00:00+00:00,1998.0,1000.0,0.0,1000.0,0,False,HOLD,160,2026-02-06 16:00:00+00:00,6,,gate_fail:adx_ok+gate_fail:ema_dist_ok+gate_fail:bbwp_gate_ok+gate_fail:os_dev_build_ok+gate_fail:fvg_gate_ok+rsi_out_of_range,gate_fail:adx_ok|gate_fail:ema_dist_ok|gate_fail:bbwp_gate_ok|gate_fail:os_dev_build_ok|gate_fail:fvg_gate_ok|rsi_out_of_range
2026-02-06T16:15:00+00:00,2032.13,1000.0,0.0,1000.0,0,True,STOP,161,2026-02-06 16:15:00+00:00,8,,gate_fail:adx_ok+gate_fail:ema_dist_ok+gate_fail:bbwp_gate_ok+gate_fail:os_dev_build_ok+gate_fail:fvg_gate_ok+gate_fail:mrvd_gate_ok+gate_fail:cvd_gate_ok+rsi_out_of_range,gate_fail:adx_ok|gate_fail:ema_dist_ok|gate_fail:bbwp_gate_ok|gate_fail:os_dev_build_ok|gate_fail:fvg_gate_ok|gate_fail:mrvd_gate_ok|gate_fail:cvd_gate_ok|rsi_out_of_range
2026-02-06T16:30:00+00:00,2034.13,1000.0,0.0,1000.0,0,True,STOP,162,2026-02-06 16:30:00+00:00,7,,gate_fail:adx_ok+gate_fail:ema_dist_ok+gate_fail:bbwp_gate_ok+gate_fail:os_dev_build_ok+gate_fail:fvg_gate_ok+gate_fail:cvd_gate_ok+rsi_out_of_range,gate_fail:adx_ok|gate_fail:ema_dist_ok|gate_fail:bbwp_gate_ok|gate_fail:os_dev_build_ok|gate_fail:fvg_gate_ok|gate_fail:cvd_gate_ok|rsi_out_of_range
2026-02-06T16:45:00+00:00,2036.17,1000.0,0.0,1000.0,0,True,STOP,163,2026-02-06 16:45:00+00:00,8,,gate_fail:adx_ok+gate_fail:bbw_nonexp+gate_fail:ema_dist_ok+gate_fail:bbwp_gate_ok+gate_fail:os_dev_build_ok+gate_fail:fvg_gate_ok+gate_fail:cvd_gate_ok+rsi_out_of_range,gate_fail:adx_ok|gate_fail:bbw_nonexp|gate_fail:ema_dist_ok|gate_fail:bbwp_gate_ok|gate_fail:os_dev_build_ok|gate_fail:fvg_gate_ok|gate_fail:cvd_gate_ok|rsi_out_of_range
2026-02-06T17:00:00+00:00,2042.03,1000.0,0.0,1000.0,0,True,STOP,164,2026-02-06 17:00:00+00:00,8,,gate_fail:adx_ok+gate_fail:ema_dist_ok+gate_fail:bbwp_gate_ok+gate_fail:os_dev_build_ok+gate_fail:fvg_gate_ok+gate_fail:mrvd_gate_ok+gate_fail:cvd_gate_ok+rsi_out_of_range,gate_fail:adx_ok|gate_fail:ema_dist_ok|gate_fail:bbwp_gate_ok|gate_fail:os_dev_build_ok|gate_fail:fvg_gate_ok|gate_fail:mrvd_gate_ok|gate_fail:cvd_gate_ok|rsi_out_of_range
2026-02-06T17:15:00+00:00,2069.99,1000.0,0.0,1000.0,0,False,HOLD,165,2026-02-06 17:15:00+00:00,6,,gate_fail:adx_ok+gate_fail:ema_dist_ok+gate_fail:bbwp_gate_ok+gate_fail:fvg_gate_ok+gate_fail:cvd_gate_ok+rsi_out_of_range,gate_fail:adx_ok|gate_fail:ema_dist_ok|gate_fail:bbwp_gate_ok|gate_fail:fvg_gate_ok|gate_fail:cvd_gate_ok|rsi_out_of_range
2026-02-06T17:30:00+00:00,2079.16,1000.0,0.0,1000.0,0,True,STOP,166,2026-02-06 17:30:00+00:00,7,,gate_fail:adx_ok+gate_fail:ema_dist_ok+gate_fail:bbwp_gate_ok+gate_fail:os_dev_build_ok+gate_fail:fvg_gate_ok+gate_fail:cvd_gate_ok+rsi_out_of_range,gate_fail:adx_ok|gate_fail:ema_dist_ok|gate_fail:bbwp_gate_ok|gate_fail:os_dev_build_ok|gate_fail:fvg_gate_ok|gate_fail:cvd_gate_ok|rsi_out_of_range
2026-02-06T17:45:00+00:00,2067.01,1000.0,0.0,1000.0,0,True,STOP,167,2026-02-06 17:45:00+00:00,8,,gate_fail:adx_ok+gate_fail:bbw_nonexp+gate_fail:ema_dist_ok+gate_fail:bbwp_gate_ok+gate_fail:os_dev_build_ok+gate_fail:fvg_gate_ok+gate_fail:cvd_gate_ok+rsi_out_of_range,gate_fail:adx_ok|gate_fail:bbw_nonexp|gate_fail:ema_dist_ok|gate_fail:bbwp_gate_ok|gate_fail:os_dev_build_ok|gate_fail:fvg_gate_ok|gate_fail:cvd_gate_ok|rsi_out_of_range
2026-02-06T18:00:00+00:00,2049.19,1000.0,0.0,1000.0,0,False,HOLD,168,2026-02-06 18:00:00+00:00,7,,gate_fail:adx_ok+gate_fail:ema_dist_ok+gate_fail:bbwp_gate_ok+gate_fail:os_dev_build_ok+gate_fail:fvg_gate_ok+gate_fail:cvd_gate_ok+rsi_out_of_range,gate_fail:adx_ok|gate_fail:ema_dist_ok|gate_fail:bbwp_gate_ok|gate_fail:os_dev_build_ok|gate_fail:fvg_gate_ok|gate_fail:cvd_gate_ok|rsi_out_of_range
2026-02-06T18:15:00+00:00,2038.41,1000.0,0.0,1000.0,0,False,HOLD,169,2026-02-06 18:15:00+00:00,7,,gate_fail:adx_ok+gate_fail:ema_dist_ok+gate_fail:bbwp_gate_ok+gate_fail:os_dev_build_ok+gate_fail:fvg_gate_ok+gate_fail:cvd_gate_ok+rsi_out_of_range,gate_fail:adx_ok|gate_fail:ema_dist_ok|gate_fail:bbwp_gate_ok|gate_fail:os_dev_build_ok|gate_fail:fvg_gate_ok|gate_fail:cvd_gate_ok|rsi_out_of_range
2026-02-06T18:30:00+00:00,2054.78,1000.0,0.0,1000.0,0,False,HOLD,170,2026-02-06 18:30:00+00:00,6,,gate_fail:adx_ok+gate_fail:ema_dist_ok+gate_fail:bbwp_gate_ok+gate_fail:os_dev_build_ok+gate_fail:fvg_gate_ok+rsi_out_of_range,gate_fail:adx_ok|gate_fail:ema_dist_ok|gate_fail:bbwp_gate_ok|gate_fail:os_dev_build_ok|gate_fail:fvg_gate_ok|rsi_out_of_range
2026-02-06T18:45:00+00:00,2044.61,1000.0,0.0,1000.0,0,False,HOLD,171,2026-02-06 18:45:00+00:00,7,,gate_fail:adx_ok+gate_fail:bbw_nonexp+gate_fail:ema_dist_ok+gate_fail:bbwp_gate_ok+gate_fail:os_dev_build_ok+gate_fail:fvg_gate_ok+rsi_out_of_range,gate_fail:adx_ok|gate_fail:bbw_nonexp|gate_fail:ema_dist_ok|gate_fail:bbwp_gate_ok|gate_fail:os_dev_build_ok|gate_fail:fvg_gate_ok|rsi_out_of_range
2026-02-06T19:00:00+00:00,2042.08,1000.0,0.0,1000.0,0,False,HOLD,172,2026-02-06 19:00:00+00:00,6,,gate_fail:adx_ok+gate_fail:ema_dist_ok+gate_fail:bbwp_gate_ok+gate_fail:os_dev_build_ok+gate_fail:fvg_gate_ok+rsi_out_of_range,gate_fail:adx_ok|gate_fail:ema_dist_ok|gate_fail:bbwp_gate_ok|gate_fail:os_dev_build_ok|gate_fail:fvg_gate_ok|rsi_out_of_range
2026-02-06T19:15:00+00:00,2052.19,1000.0,0.0,1000.0,0,False,HOLD,173,2026-02-06 19:15:00+00:00,6,,gate_fail:adx_ok+gate_fail:ema_dist_ok+gate_fail:bbwp_gate_ok+gate_fail:os_dev_build_ok+gate_fail:fvg_gate_ok+rsi_out_of_range,gate_fail:adx_ok|gate_fail:ema_dist_ok|gate_fail:bbwp_gate_ok|gate_fail:os_dev_build_ok|gate_fail:fvg_gate_ok|rsi_out_of_range
2026-02-06T19:30:00+00:00,2054.37,1000.0,0.0,1000.0,0,False,HOLD,174,2026-02-06 19:30:00+00:00,6,,gate_fail:adx_ok+gate_fail:ema_dist_ok+gate_fail:bbwp_gate_ok+gate_fail:os_dev_build_ok+gate_fail:fvg_gate_ok+rsi_out_of_range,gate_fail:adx_ok|gate_fail:ema_dist_ok|gate_fail:bbwp_gate_ok|gate_fail:os_dev_build_ok|gate_fail:fvg_gate_ok|rsi_out_of_range
2026-02-06T19:45:00+00:00,2065.63,1000.0,0.0,1000.0,0,False,HOLD,175,2026-02-06 19:45:00+00:00,7,,gate_fail:adx_ok+gate_fail:ema_dist_ok+gate_fail:bbwp_gate_ok+gate_fail:os_dev_build_ok+gate_fail:fvg_gate_ok+gate_fail:mrvd_gate_ok+rsi_out_of_range,gate_fail:adx_ok|gate_fail:ema_dist_ok|gate_fail:bbwp_gate_ok|gate_fail:os_dev_build_ok|gate_fail:fvg_gate_ok|gate_fail:mrvd_gate_ok|rsi_out_of_range
2026-02-06T20:00:00+00:00,2052.96,1000.0,0.0,1000.0,0,False,HOLD,176,2026-02-06 20:00:00+00:00,6,,gate_fail:adx_ok+gate_fail:ema_dist_ok+gate_fail:bbwp_gate_ok+gate_fail:os_dev_build_ok+gate_fail:fvg_gate_ok+rsi_out_of_range,gate_fail:adx_ok|gate_fail:ema_dist_ok|gate_fail:bbwp_gate_ok|gate_fail:os_dev_build_ok|gate_fail:fvg_gate_ok|rsi_out_of_range
2026-02-06T20:15:00+00:00,2054.36,1000.0,0.0,1000.0,0,False,HOLD,177,2026-02-06 20:15:00+00:00,6,,gate_fail:adx_ok+gate_fail:ema_dist_ok+gate_fail:bbwp_gate_ok+gate_fail:os_dev_build_ok+gate_fail:fvg_gate_ok+rsi_out_of_range,gate_fail:adx_ok|gate_fail:ema_dist_ok|gate_fail:bbwp_gate_ok|gate_fail:os_dev_build_ok|gate_fail:fvg_gate_ok|rsi_out_of_range
2026-02-06T20:30:00+00:00,2067.99,1000.0,0.0,1000.0,0,False,HOLD,178,2026-02-06 20:30:00+00:00,7,,gate_fail:adx_ok+gate_fail:ema_dist_ok+gate_fail:bbwp_gate_ok+gate_fail:os_dev_build_ok+gate_fail:fvg_gate_ok+gate_fail:mrvd_gate_ok+rsi_out_of_range,gate_fail:adx_ok|gate_fail:ema_dist_ok|gate_fail:bbwp_gate_ok|gate_fail:os_dev_build_ok|gate_fail:fvg_gate_ok|gate_fail:mrvd_gate_ok|rsi_out_of_range
2026-02-06T20:45:00+00:00,2054.23,1000.0,0.0,1000.0,0,False,HOLD,179,2026-02-06 20:45:00+00:00,4,,gate_fail:adx_ok+gate_fail:ema_dist_ok+gate_fail:bbwp_gate_ok+gate_fail:fvg_gate_ok,gate_fail:adx_ok|gate_fail:ema_dist_ok|gate_fail:bbwp_gate_ok|gate_fail:fvg_gate_ok
2026-02-06T21:00:00+00:00,2048.83,1000.0,0.0,1000.0,0,False,HOLD,180,2026-02-06 21:00:00+00:00,3,,gate_fail:adx_ok+gate_fail:ema_dist_ok+gate_fail:bbwp_gate_ok,gate_fail:adx_ok|gate_fail:ema_dist_ok|gate_fail:bbwp_gate_ok
2026-02-06T21:15:00+00:00,2057.46,1000.0,0.0,1000.0,0,False,HOLD,181,2026-02-06 21:15:00+00:00,4,,gate_fail:adx_ok+gate_fail:ema_dist_ok+gate_fail:bbwp_gate_ok+gate_fail:fvg_gate_ok,gate_fail:adx_ok|gate_fail:ema_dist_ok|gate_fail:bbwp_gate_ok|gate_fail:fvg_gate_ok
2026-02-06T21:30:00+00:00,2050.0,1000.0,0.0,1000.0,0,False,HOLD,182,2026-02-06 21:30:00+00:00,4,,gate_fail:adx_ok+gate_fail:ema_dist_ok+gate_fail:bbwp_gate_ok+gate_fail:fvg_gate_ok,gate_fail:adx_ok|gate_fail:ema_dist_ok|gate_fail:bbwp_gate_ok|gate_fail:fvg_gate_ok
2026-02-06T21:45:00+00:00,2053.97,1000.0,0.0,1000.0,0,False,HOLD,183,2026-02-06 21:45:00+00:00,5,,gate_fail:adx_ok+gate_fail:ema_dist_ok+gate_fail:bbwp_gate_ok+gate_fail:os_dev_build_ok+gate_fail:fvg_gate_ok,gate_fail:adx_ok|gate_fail:ema_dist_ok|gate_fail:bbwp_gate_ok|gate_fail:os_dev_build_ok|gate_fail:fvg_gate_ok
2026-02-06T22:00:00+00:00,2052.52,1000.0,0.0,1000.0,0,False,HOLD,184,2026-02-06 22:00:00+00:00,5,,gate_fail:adx_ok+gate_fail:ema_dist_ok+gate_fail:bbwp_gate_ok+gate_fail:os_dev_build_ok+gate_fail:fvg_gate_ok,gate_fail:adx_ok|gate_fail:ema_dist_ok|gate_fail:bbwp_gate_ok|gate_fail:os_dev_build_ok|gate_fail:fvg_gate_ok
2026-02-06T22:15:00+00:00,2064.37,1000.0,0.0,1000.0,0,False,HOLD,185,2026-02-06 22:15:00+00:00,6,,gate_fail:adx_ok+gate_fail:ema_dist_ok+gate_fail:bbwp_gate_ok+gate_fail:os_dev_build_ok+gate_fail:fvg_gate_ok+rsi_out_of_range,gate_fail:adx_ok|gate_fail:ema_dist_ok|gate_fail:bbwp_gate_ok|gate_fail:os_dev_build_ok|gate_fail:fvg_gate_ok|rsi_out_of_range
2026-02-06T22:30:00+00:00,2070.82,1000.0,0.0,1000.0,0,False,HOLD,186,2026-02-06 22:30:00+00:00,6,,gate_fail:adx_ok+gate_fail:ema_dist_ok+gate_fail:bbwp_gate_ok+gate_fail:os_dev_build_ok+gate_fail:fvg_gate_ok+rsi_out_of_range,gate_fail:adx_ok|gate_fail:ema_dist_ok|gate_fail:bbwp_gate_ok|gate_fail:os_dev_build_ok|gate_fail:fvg_gate_ok|rsi_out_of_range
2026-02-06T22:45:00+00:00,2075.1,1000.0,0.0,1000.0,0,True,STOP,187,2026-02-06 22:45:00+00:00,7,,gate_fail:adx_ok+gate_fail:ema_dist_ok+gate_fail:bbwp_gate_ok+gate_fail:os_dev_build_ok+gate_fail:fvg_gate_ok+gate_fail:cvd_gate_ok+rsi_out_of_range,gate_fail:adx_ok|gate_fail:ema_dist_ok|gate_fail:bbwp_gate_ok|gate_fail:os_dev_build_ok|gate_fail:fvg_gate_ok|gate_fail:cvd_gate_ok|rsi_out_of_range
2026-02-06T23:00:00+00:00,2068.23,1000.0,0.0,1000.0,0,True,STOP,188,2026-02-06 23:00:00+00:00,7,,gate_fail:adx_ok+gate_fail:ema_dist_ok+gate_fail:bbwp_gate_ok+gate_fail:os_dev_build_ok+gate_fail:fvg_gate_ok+gate_fail:cvd_gate_ok+rsi_out_of_range,gate_fail:adx_ok|gate_fail:ema_dist_ok|gate_fail:bbwp_gate_ok|gate_fail:os_dev_build_ok|gate_fail:fvg_gate_ok|gate_fail:cvd_gate_ok|rsi_out_of_range
2026-02-06T23:15:00+00:00,2069.92,1000.0,0.0,1000.0,0,True,STOP,189,2026-02-06 23:15:00+00:00,7,,gate_fail:adx_ok+gate_fail:ema_dist_ok+gate_fail:bbwp_gate_ok+gate_fail:os_dev_build_ok+gate_fail:fvg_gate_ok+gate_fail:cvd_gate_ok+rsi_out_of_range,gate_fail:adx_ok|gate_fail:ema_dist_ok|gate_fail:bbwp_gate_ok|gate_fail:os_dev_build_ok|gate_fail:fvg_gate_ok|gate_fail:cvd_gate_ok|rsi_out_of_range
2026-02-06T23:30:00+00:00,2064.38,1000.0,0.0,1000.0,0,True,STOP,190,2026-02-06 23:30:00+00:00,6,,gate_fail:adx_ok+gate_fail:ema_dist_ok+gate_fail:bbwp_gate_ok+gate_fail:os_dev_build_ok+gate_fail:fvg_gate_ok+gate_fail:cvd_gate_ok,gate_fail:adx_ok|gate_fail:ema_dist_ok|gate_fail:bbwp_gate_ok|gate_fail:os_dev_build_ok|gate_fail:fvg_gate_ok|gate_fail:cvd_gate_ok
2026-02-06T23:45:00+00:00,2063.38,1000.0,0.0,1000.0,0,False,HOLD,191,2026-02-06 23:45:00+00:00,6,,gate_fail:adx_ok+gate_fail:ema_dist_ok+gate_fail:bbwp_gate_ok+gate_fail:os_dev_build_ok+gate_fail:fvg_gate_ok+gate_fail:cvd_gate_ok,gate_fail:adx_ok|gate_fail:ema_dist_ok|gate_fail:bbwp_gate_ok|gate_fail:os_dev_build_ok|gate_fail:fvg_gate_ok|gate_fail:cvd_gate_ok
